text,label
Artificial intelligence is advancing in healthcare with numerous applications emerging.,Technology
"Football fans are excited about the upcoming World Cup, with teams preparing intensively.",Sports
New policies regarding climate change have sparked a heated debate in the political arena.,Politics
The latest blockbuster movie has shattered box office records and is trending worldwide.,Entertainment
"Quantum computing promises to revolutionize industries, from finance to pharmaceuticals.",Technology
Political debates are becoming more heated as elections approach in several countries.,Politics
Tech companies are investing heavily in artificial intelligence to improve their products.,Technology
"The summer Olympics are fast approaching, and athletes are training harder than ever.",Sports
Music festivals are back this year with global headliners performing in major cities.,Entertainment
The rise of self-driving cars is changing the transportation landscape globally.,Technology
Cybersecurity threats are increasing as hackers become more sophisticated.,Technology
Political leaders are scrambling to address the growing issue of income inequality.,Politics
Video game developers are excited about the release of new gaming consoles this fall.,Entertainment
AI-powered tools are making significant strides in areas like healthcare and manufacturing.,Technology
The latest FIFA tournament was an unforgettable event for soccer fans around the world.,Sports
Discussions about universal healthcare have intensified across many nations.,Politics
New research in AI and robotics shows promising advances in automation.,Technology
The entertainment industry is grappling with the rise of streaming services.,Entertainment
Baseball teams are preparing for the playoffs with high hopes of reaching the finals.,Sports
Politicians are debating whether to raise taxes on the wealthy to fund social programs.,Politics
Electric vehicles are becoming increasingly popular as consumers look for more sustainable options.,Technology
Cinema-goers are eagerly awaiting the release of the latest action-packed movie.,Entertainment
The debate on free speech continues to be a hot topic in political circles.,Politics
Gaming companies are exploring new ways to enhance virtual reality experiences.,Technology
The national football team just announced its squad for the upcoming tournament.,Sports
Political candidates are making promises about job creation and economic growth.,Politics
Cutting-edge technologies are reshaping the landscape of medical research.,Technology
Social media platforms are transforming the way people consume news and entertainment.,Entertainment
Political campaigns are turning to digital platforms to reach voters during the pandemic.,Politics
International conferences on technology are being held virtually due to travel restrictions.,Technology
"The basketball season is well underway, with teams competing for playoff spots.",Sports
Artificial intelligence could soon have a huge impact on the job market.,Technology
The latest political scandal has shaken the political landscape across the country.,Politics
Augmented reality is poised to redefine how we interact with entertainment media.,Technology
"The world of professional esports continues to grow, attracting millions of viewers.",Entertainment
Several new soccer stadiums are being built in anticipation of the next World Cup.,Sports
"Technological advances are driving changes in the way we work, with more people working from home.",Technology
The economy has become a central issue in the ongoing political campaigns.,Politics
Hollywood's biggest stars have come together for a new action film releasing this summer.,Entertainment
Scientists are exploring the potential of AI to aid in cancer research.,Technology
The political debate on climate change continues to divide nations.,Politics
Rising interest in outdoor sports has led to increased sales of sporting goods.,Sports
Robots and drones are becoming more common in industries such as logistics and delivery.,Technology
Music streaming services are continuing to dominate the entertainment industry.,Entertainment
New technological innovations are enabling better remote healthcare options.,Technology
National teams are finalizing their rosters for the upcoming sports tournaments.,Sports
Debates around government surveillance and privacy are intensifying in political discussions.,Politics
AI and machine learning are opening new possibilities in the field of finance.,Technology
Television shows are now competing with streaming services for global audiences.,Entertainment
The tech industry is seeing increased investment in artificial intelligence startups.,Technology
World leaders are discussing international treaties related to climate change and sustainability.,Politics
Football teams are planning pre-season friendlies to prepare for the new season.,Sports
Social media influencers are shaping the future of digital marketing and entertainment.,Entertainment
Artificial intelligence has become integral to improving customer service in industries worldwide.,Technology
Political debates are dominated by discussions about immigration and border security.,Politics
New sports technologies are being used to improve player performance and fan experience.,Sports
Music fans are eager for live concerts to return after the pandemic.,Entertainment
Virtual assistants powered by AI are increasingly being used in daily life.,Technology
"Election season is here, and political advertisements are flooding the airwaves.",Politics
Video game tournaments are attracting huge live audiences and millions of online viewers.,Entertainment
Artificial intelligence can assist in making critical decisions in business and healthcare.,Technology
"With the rise of digital media, traditional television networks are facing tough competition.",Entertainment
High-tech gadgets are transforming the way we engage with entertainment content.,Technology
The political landscape is shifting as new candidates emerge for the presidential election.,Politics
Outdoor sports like hiking and cycling have gained popularity during the pandemic.,Sports
Technology companies are exploring ways to integrate AI into home automation systems.,Technology
Political leaders are pledging to increase funding for public healthcare systems.,Politics
Digital content creators are leading the charge in shaping modern entertainment culture.,Entertainment
"Self-driving cars are becoming a reality, with new companies entering the market.",Technology
Sports fans are watching more games online due to changing viewing habits.,Sports
Debates about social justice and equality continue to shape the political discourse.,Politics
Hollywood actors are voicing their concerns about the changing nature of the industry.,Entertainment
The tech industry is racing to develop the next big thing in consumer electronics.,Technology
The economic recovery plan is a major topic in the current political campaign.,Politics
New AI-powered apps are simplifying personal finance management.,Technology
Major sports leagues are discussing the future of live fan attendance in stadiums.,Sports
Entertainment media is increasingly focusing on global audiences and cultural diversity.,Entertainment
Digital currencies and blockchain technology are revolutionizing finance.,Technology
National debates on the legalization of marijuana continue to divide political opinions.,Politics
Esports tournaments are being broadcast live on mainstream television networks.,Entertainment
AI is enhancing customer experiences in retail through personalized shopping recommendations.,Technology
Politicians are debating the pros and cons of universal basic income.,Politics
Television networks are trying to adapt to the changing landscape of digital streaming.,Entertainment
New wearable technologies are improving health monitoring and fitness tracking.,Technology
Local sports leagues are organizing tournaments as communities embrace recreational activities.,Sports
text,label
Artificial intelligence is advancing in healthcare with numerous applications emerging.,Technology
"Football fans are excited about the upcoming World Cup, with teams preparing intensively.",Sports
New policies regarding climate change have sparked a heated debate in the political arena.,Politics
The latest blockbuster movie has shattered box office records and is trending worldwide.,Entertainment
"Quantum computing promises to revolutionize industries, from finance to pharmaceuticals.",Technology
Political debates are becoming more heated as elections approach in several countries.,Politics
Tech companies are investing heavily in artificial intelligence to improve their products.,Technology
"The summer Olympics are fast approaching, and athletes are training harder than ever.",Sports
Music festivals are back this year with global headliners performing in major cities.,Entertainment
The rise of self-driving cars is changing the transportation landscape globally.,Technology
Cybersecurity threats are increasing as hackers become more sophisticated.,Technology
Political leaders are scrambling to address the growing issue of income inequality.,Politics
Video game developers are excited about the release of new gaming consoles this fall.,Entertainment
AI-powered tools are making significant strides in areas like healthcare and manufacturing.,Technology
The latest FIFA tournament was an unforgettable event for soccer fans around the world.,Sports
Discussions about universal healthcare have intensified across many nations.,Politics
New research in AI and robotics shows promising advances in automation.,Technology
The entertainment industry is grappling with the rise of streaming services.,Entertainment
Baseball teams are preparing for the playoffs with high hopes of reaching the finals.,Sports
Politicians are debating whether to raise taxes on the wealthy to fund social programs.,Politics
Electric vehicles are becoming increasingly popular as consumers look for more sustainable options.,Technology
Cinema-goers are eagerly awaiting the release of the latest action-packed movie.,Entertainment
The debate on free speech continues to be a hot topic in political circles.,Politics
Gaming companies are exploring new ways to enhance virtual reality experiences.,Technology
The national football team just announced its squad for the upcoming tournament.,Sports
Political candidates are making promises about job creation and economic growth.,Politics
Cutting-edge technologies are reshaping the landscape of medical research.,Technology
Social media platforms are transforming the way people consume news and entertainment.,Entertainment
Political campaigns are turning to digital platforms to reach voters during the pandemic.,Politics
International conferences on technology are being held virtually due to travel restrictions.,Technology
"The basketball season is well underway, with teams competing for playoff spots.",Sports
Artificial intelligence could soon have a huge impact on the job market.,Technology
The latest political scandal has shaken the political landscape across the country.,Politics
Augmented reality is poised to redefine how we interact with entertainment media.,Technology
"The world of professional esports continues to grow, attracting millions of viewers.",Entertainment
Several new soccer stadiums are being built in anticipation of the next World Cup.,Sports
"Technological advances are driving changes in the way we work, with more people working from home.",Technology
The economy has become a central issue in the ongoing political campaigns.,Politics
Hollywood's biggest stars have come together for a new action film releasing this summer.,Entertainment
Scientists are exploring the potential of AI to aid in cancer research.,Technology
The political debate on climate change continues to divide nations.,Politics
Rising interest in outdoor sports has led to increased sales of sporting goods.,Sports
Robots and drones are becoming more common in industries such as logistics and delivery.,Technology
Music streaming services are continuing to dominate the entertainment industry.,Entertainment
New technological innovations are enabling better remote healthcare options.,Technology
National teams are finalizing their rosters for the upcoming sports tournaments.,Sports
Debates around government surveillance and privacy are intensifying in political discussions.,Politics
AI and machine learning are opening new possibilities in the field of finance.,Technology
Television shows are now competing with streaming services for global audiences.,Entertainment
The tech industry is seeing increased investment in artificial intelligence startups.,Technology
World leaders are discussing international treaties related to climate change and sustainability.,Politics
Football teams are planning pre-season friendlies to prepare for the new season.,Sports
Social media influencers are shaping the future of digital marketing and entertainment.,Entertainment
Artificial intelligence has become integral to improving customer service in industries worldwide.,Technology
Political debates are dominated by discussions about immigration and border security.,Politics
New sports technologies are being used to improve player performance and fan experience.,Sports
Music fans are eager for live concerts to return after the pandemic.,Entertainment
Virtual assistants powered by AI are increasingly being used in daily life.,Technology
"Election season is here, and political advertisements are flooding the airwaves.",Politics
Video game tournaments are attracting huge live audiences and millions of online viewers.,Entertainment
Artificial intelligence can assist in making critical decisions in business and healthcare.,Technology
"With the rise of digital media, traditional television networks are facing tough competition.",Entertainment
High-tech gadgets are transforming the way we engage with entertainment content.,Technology
The political landscape is shifting as new candidates emerge for the presidential election.,Politics
Outdoor sports like hiking and cycling have gained popularity during the pandemic.,Sports
Technology companies are exploring ways to integrate AI into home automation systems.,Technology
Political leaders are pledging to increase funding for public healthcare systems.,Politics
Digital content creators are leading the charge in shaping modern entertainment culture.,Entertainment
"Self-driving cars are becoming a reality, with new companies entering the market.",Technology
Sports fans are watching more games online due to changing viewing habits.,Sports
Debates about social justice and equality continue to shape the political discourse.,Politics
Hollywood actors are voicing their concerns about the changing nature of the industry.,Entertainment
The tech industry is racing to develop the next big thing in consumer electronics.,Technology
The economic recovery plan is a major topic in the current political campaign.,Politics
New AI-powered apps are simplifying personal finance management.,Technology
Major sports leagues are discussing the future of live fan attendance in stadiums.,Sports
Entertainment media is increasingly focusing on global audiences and cultural diversity.,Entertainment
Digital currencies and blockchain technology are revolutionizing finance.,Technology
National debates on the legalization of marijuana continue to divide political opinions.,Politics
Esports tournaments are being broadcast live on mainstream television networks.,Entertainment
AI is enhancing customer experiences in retail through personalized shopping recommendations.,Technology
Politicians are debating the pros and cons of universal basic income.,Politics
Television networks are trying to adapt to the changing landscape of digital streaming.,Entertainment
New wearable technologies are improving health monitoring and fitness tracking.,Technology
Local sports leagues are organizing tournaments as communities embrace recreational activities.,Sports
Biotech firms are leveraging AI to accelerate drug discovery and development processes.,Technology
The upcoming election is creating tension between rival political parties.,Politics
Fitness apps are incorporating AI to provide personalized workout recommendations.,Technology
Streaming platforms are investing heavily in original content to attract subscribers.,Entertainment
International cricket matches are drawing massive crowds and television audiences.,Sports
Space exploration technologies are advancing with private companies leading innovation.,Technology
Trade agreements between nations are a contentious topic in political discussions.,Politics
Virtual reality concerts are offering new experiences for music enthusiasts.,Entertainment
Extreme sports athletes are pushing the boundaries of human capability.,Sports
5G technology is enabling faster connectivity and new applications across industries.,Technology
Campaign finance reform remains a divisive issue in political circles.,Politics
Animated films are achieving critical acclaim and commercial success.,Entertainment
Professional tennis tournaments are showcasing incredible athletic prowess.,Sports
Edge computing is reducing latency for real-time applications in various sectors.,Technology
Foreign policy decisions are shaping international relations between superpowers.,Politics
Reality TV shows continue to capture audience attention despite criticism.,Entertainment
Winter sports are gaining popularity in regions with suitable climates.,Sports
Internet of Things devices are creating interconnected smart environments.,Technology
Voting rights legislation is at the forefront of political debates.,Politics
Stand-up comedy specials are thriving on digital streaming platforms.,Entertainment
Marathon events are attracting participants from diverse backgrounds.,Sports
Neural networks are enabling breakthroughs in pattern recognition applications.,Technology
Political polarization is affecting legislative processes in many democracies.,Politics
Film festivals are showcasing diverse voices and stories from around the world.,Entertainment
Youth sports programs are emphasizing character development alongside skills.,Sports
Cloud computing services are transforming how businesses operate and scale.,Technology
Diplomatic relations between countries are evolving in the post-pandemic era.,Politics
Podcasts are becoming a dominant form of entertainment and information.,Entertainment
College basketball tournaments generate immense excitement among fans.,Sports
Computer vision technology is improving safety systems in various industries.,Technology
Local government policies are directly impacting community development.,Politics
Documentary films are raising awareness about important social issues.,Entertainment
Water sports are enjoying increased participation in coastal regions.,Sports
Natural language processing is enhancing how machines understand human communication.,Technology
Campaign rallies are mobilizing supporters during election seasons.,Politics
Music award shows continue to celebrate artistic achievements in the industry.,Entertainment
Professional golf tournaments offer substantial prize money to top performers.,Sports
Robotic process automation is streamlining repetitive tasks in businesses.,Technology
Public health policies are receiving increased attention from political leaders.,Politics
Broadway shows are adapting to changing audience preferences.,Entertainment
Combat sports like MMA are gaining mainstream acceptance and viewership.,Sports
Semiconductor technology is advancing to meet growing computational demands.,Technology
Immigration policies remain a contentious issue in many political campaigns.,Politics
Independent films are finding audiences through digital distribution channels.,Entertainment
Adventure sports enthusiasts are seeking new challenges around the world.,Sports
Quantum encryption is promising enhanced security for digital communications.,Technology
Supreme Court nominations often trigger intense political debates.,Politics
Talent competitions on television continue to discover new stars.,Entertainment
Professional cycling events are testing athletes' endurance and strategy.,Sports
Autonomous delivery systems are being tested in urban environments.,Technology
Term limits for elected officials are discussed in political reform conversations.,Politics
Immersive theater experiences are redefining audience engagement.,Entertainment
Team building through sports is emphasized in corporate wellness programs.,Sports
Biometric authentication systems are enhancing security measures.,Technology
Grassroots political movements are influencing policy agendas.,Politics
Satirical news programs are blending entertainment with political commentary.,Entertainment
Olympic athletes are inspiring future generations of sports enthusiasts.,Sports
3D printing technology is revolutionizing manufacturing processes.,Technology
International sanctions are used as tools in foreign policy strategies.,Politics
Celebrity endorsements play a significant role in entertainment marketing.,Entertainment
Fantasy sports platforms are creating new engagement models for fans.,Sports
Voice recognition technology is becoming more accurate and widespread.,Technology
Lobbying efforts are shaping legislation in various industries.,Politics
Film adaptations of popular books are attracting built-in audiences.,Entertainment
Sports psychology is gaining recognition for improving athlete performance.,Sports
Renewable energy technologies are addressing climate change concerns.,Technology
Campaign strategies are evolving with data analytics and digital targeting.,Politics
Music therapy is being recognized for its health benefits.,Entertainment
Endorsement deals are significant revenue sources for professional athletes.,Sports
Agricultural technology is increasing food production efficiency.,Technology
Political satire continues to be a popular form of commentary.,Politics
Dance competitions are showcasing incredible talent on television.,Entertainment
Sports medicine advancements are helping athletes recover from injuries faster.,Sports
Fintech innovations are disrupting traditional banking services.,Technology
Voter turnout initiatives are focusing on underrepresented communities.,Politics
Reality competition shows are creating opportunities for unknown talents.,Entertainment
Sports analytics are transforming how teams evaluate player performance.,Sports
Autonomous farming equipment is increasing agricultural productivity.,Technology
Coalition governments are forming in countries with multiparty systems.,Politics
Improvisational comedy shows are entertaining live audiences.,Entertainment
E-sports scholarships are being offered at universities worldwide.,Sports
Smart city technologies are improving urban living conditions.,Technology
Political memoirs often provide insider perspectives on governance.,Politics
Jukebox musicals are enjoying popularity on theater stages.,Entertainment
Sports commentators are becoming celebrities in their own right.,Sports
Wearable health monitors are providing valuable data to medical professionals.,Technology
Campaign finance disclosures are promoting transparency in politics.,Politics
Anime series are gaining global popularity beyond their Japanese origins.,Entertainment
Sports equipment technology is enhancing athlete performance and safety.,Sports
Drone technology is finding applications across multiple industries.,Technology
Political polling methodologies are evolving with changing demographics.,Politics
Talent agencies are navigating the changing entertainment landscape.,Entertainment
Youth soccer programs are developing future professional players.,Sports
Extended reality technologies are blending physical and digital worlds.,Technology
Political action committees are influencing election outcomes.,Politics
Film score composers are creating memorable cinematic experiences.,Entertainment
Sports nutrition science is optimizing athlete diets for peak performance.,Sports
Nanorobotics is opening new possibilities in medical treatments.,Technology
International diplomacy requires nuanced understanding of cultural differences.,Politics
Celebrity chefs are entertaining audiences with cooking shows.,Entertainment
Sports tourism is boosting local economies in host cities.,Sports
Biometric wearables are tracking health metrics in real-time.,Technology
Political conventions set the stage for election campaigns.,Politics
Magic shows continue to captivate audiences with illusions.,Entertainment
Sports facilities are incorporating sustainable design principles.,Sports
Computer-generated imagery is transforming visual effects in media.,Technology
Campaign volunteers are essential for grassroots political movements.,Politics
Puppetry arts are maintaining relevance in modern entertainment.,Entertainment
Sports officiating technology is reducing human error in games.,Sports
Renewable energy storage solutions are addressing intermittency issues.,Technology
Political journalism plays a crucial role in holding power accountable.,Politics
Variety shows are making a comeback on television networks.,Entertainment
Sports psychology is helping athletes manage performance pressure.,Sports
Autonomous underwater vehicles are exploring ocean depths.,Technology
Campaign slogans often define political messaging strategies.,Politics
Improv comedy theaters are nurturing comedic talent.,Entertainment
Sports photography is capturing iconic moments in athletic history.,Sports
Haptic feedback technology is enhancing virtual reality experiences.,Technology
Political cartoons provide commentary on current events.,Politics
Talent shows are discovering exceptional performers worldwide.,Entertainment
Sports heritage programs are preserving athletic history.,Sports
Predictive maintenance technology is reducing equipment downtime.,Technology
Political debates are moderated to ensure fair discussion.,Politics
Ventriloquism acts continue to entertain audiences of all ages.,Entertainment
Sports memorabilia collecting is a popular hobby among enthusiasts.,Sports
Voice user interfaces are becoming more natural and responsive.,Technology
Campaign ethics are scrutinized during election seasons.,Politics
Circus arts are evolving with contemporary performances.,Entertainment
Sports rehabilitation programs are helping athletes return to competition.,Sports
Agricultural drones are monitoring crop health from above.,Technology
Political compromise is increasingly difficult in polarized environments.,Politics
Light shows are creating spectacular entertainment experiences.,Entertainment
Sports anthropology studies the cultural significance of athletic traditions.,Sports
Facial recognition technology is raising privacy concerns.,Technology
Campaign promises are analyzed for feasibility after elections.,Politics
Shadow puppet traditions are preserved as cultural entertainment.,Entertainment
Sports sociology examines the role of athletics in society.,Sports
Generative AI is creating original content across media formats.,Technology
Political leadership styles vary across different governance systems.,Politics
Puzzle games are providing entertainment and mental stimulation.,Entertainment
Sports philosophy explores the meaning and value of athletic pursuit.,Sports
Brain-computer interfaces are enabling new forms of interaction.,Technology
Campaign finance laws attempt to regulate political spending.,Politics
Escape rooms have become popular entertainment attractions.,Entertainment
Sports theology considers spiritual dimensions of athletic endeavor.,Sports
Swarm robotics is enabling coordinated multi-robot systems.,Technology
Political rhetoric analysis reveals persuasive techniques.,Politics
Storytelling festivals celebrate oral tradition as entertainment.,Entertainment
Sports etymology traces the origins of athletic terminology.,Sports
Digital twin technology is creating virtual replicas of physical systems.,Technology
Campaign trail reporting provides insights into candidate personalities.,Politics
Comedy clubs are vital venues for stand-up performers.,Entertainment
Sports pedagogy develops effective teaching methods for athletics.,Sports
Emotion recognition technology is interpreting human expressions.,Technology
Political geography studies the spatial aspects of governance.,Politics
Fireworks displays continue to dazzle entertainment seekers.,Entertainment
Sports linguistics analyzes language use in athletic contexts.,Sports
Holographic technology is creating immersive visual experiences.,Technology
Juggling performances demonstrate incredible skill and coordination.,Entertainment
Sports metaphysics ponders the nature of athletic reality.,Sports
Industrial IoT is connecting manufacturing equipment for optimization.,Technology
Political economy examines the relationship between politics and economics.,Politics
Karaoke remains a popular form of social entertainment.,Entertainment
Sports epistemology studies knowledge acquisition in athletics.,Sports
Neuromorphic computing is mimicking brain structure in hardware.,Technology
Campaign advertising reaches voters through multiple channels.,Politics
Laugh tracks enhance comedic timing in television shows.,Entertainment
Sports aesthetics appreciates the beauty of athletic movement.,Sports
Optical computing uses photons instead of electrons for processing.,Technology
Political history provides context for current governance systems.,Politics
Mime performances communicate through movement without words.,Entertainment
Sports ethics considers moral dimensions of athletic competition.,Sports
Quantum sensors are enabling extremely precise measurements.,Technology
Parades serve as public entertainment in communities worldwide.,Entertainment
Sports hermeneutics interprets the meaning of athletic texts.,Sports
Bioinformatics is analyzing biological data using computational tools.,Technology
Political philosophy explores theories of governance and justice.,Politics
Puppet shows entertain children and adults across cultures.,Entertainment
Sports semiotics studies signs and symbols in athletic contexts.,Sports
Spintronics utilizes electron spin for information processing.,Technology
Campaign analytics measure effectiveness of outreach efforts.,Politics
Renaissance fairs recreate historical entertainment experiences.,Entertainment
Sports phenomenology examines the lived experience of athletes.,Sports
Terahertz technology is enabling new imaging applications.,Technology
Political psychology studies behavior in political contexts.,Politics
Sand animation creates temporary artistic entertainment.,Entertainment
Sports axiology considers values inherent in athletic pursuit.,Sports
Underwater robotics is exploring marine environments.,Technology
Campaign volunteers contribute time and energy to candidates.,Politics
Shadow theatre traditions continue in various cultures.,Entertainment
Sports ontology examines the nature of athletic being.,Sports
Zettabyte storage systems are managing enormous data volumes.,Technology
Political socialization processes shape civic engagement.,Politics
Street performances provide impromptu entertainment in urban areas.,Entertainment
Sports praxeology studies human action in athletic contexts.,Sports